edad,ingresos,antiguedad,saldo,productos,credit_score,deuda,churn
56,1304023,25,5198253,1,308,117829,0
69,938037,7,3712938,4,743,635719,0
46,672108,4,2686928,3,412,2211295,0
32,898994,20,6211771,1,504,3239330,0
60,879305,13,7255424,2,704,4123732,0
25,126535,3,5357181,2,496,2153862,1
38,731589,22,2131069,3,414,587307,1
56,994261,9,2885334,3,420,2334182,0
36,772735,19,4135752,1,364,1009742,0
40,706137,14,8129239,1,575,2470629,0
28,1173412,17,4506498,3,538,870230,0
28,625036,19,4062862,3,601,-507484,0
41,1113486,12,1653030,2,691,3580226,0
53,500176,28,3686630,2,821,1728299,0
57,1728228,7,2534127,2,668,2059592,0
41,835294,8,2993640,3,532,3196041,0
20,803020,15,5239901,4,494,4254616,0
39,1242919,18,4197671,3,311,2864096,0
19,774388,15,8398988,3,476,2123601,0
41,1336478,6,7156006,2,516,2555447,0
61,1011478,13,3782232,3,310,1646260,0
47,864480,27,3166364,1,745,2043337,0
55,832498,13,7765283,3,463,2173836,0
19,1262277,24,8320084,3,352,1056049,0
38,969146,26,611503,3,517,2025408,0
50,1029692,3,5185715,3,659,2440522,0
29,1062300,25,4496243,4,684,2620420,0
39,939880,14,6298240,3,355,2524788,0
61,1055961,2,8885336,1,417,393169,0
42,864502,4,4031885,1,552,3475110,0
66,885057,0,878602,3,479,3375537,1
44,564265,2,6158015,2,714,1884621,0
59,989328,14,7779928,4,534,2546610,0
45,384137,23,4392480,3,379,1740135,0
33,985067,26,3589925,3,321,2902349,1
32,815815,7,4125481,3,776,1022873,0
64,1012375,28,6700410,2,739,3610952,0
68,585351,3,4091078,2,392,2842649,1
61,264192,1,5657520,2,491,2870520,1
69,794740,28,5055605,4,402,1873936,0
20,586226,23,4849240,1,695,304857,0
54,365832,23,6402584,4,306,3060721,1
68,1130394,9,4042840,2,530,344526,0
24,1380371,3,4138826,1,539,3075167,0
38,660914,2,6595205,1,389,1073447,1
26,877268,1,3026149,2,531,95541,0
56,807664,24,3239559,2,756,2001199,0
35,702330,16,2479371,4,532,3419360,1
21,1099121,22,6698021,2,653,841275,0
42,1203042,20,4789526,1,632,3918841,0
31,639417,23,2372769,3,738,2788088,1
67,913430,19,6707617,2,674,2188111,0
26,1285359,22,3888915,2,591,1477250,0
43,1106710,12,3256643,4,644,1560923,0
19,1151309,4,4608642,4,727,2516200,0
37,1310395,29,7957447,2,429,3015249,0
45,1306453,20,4210075,1,440,1287804,0
64,1208592,29,6150677,1,714,1032184,0
24,943481,8,6454160,3,392,1743407,0
61,785255,24,5886546,2,583,3672354,0
25,931043,28,7542143,4,522,539733,0
64,739677,24,3585767,1,762,3370973,0
52,314253,27,2913330,3,844,2050735,0
31,816150,21,2874066,2,575,16713,0
34,1007257,5,4711063,1,439,1446041,0
53,723819,4,3105906,2,656,2731601,0
67,842166,24,5295081,2,322,4162176,0
57,853788,9,5153976,1,569,407152,0
21,1307057,7,7037146,1,632,-1383011,0
19,792168,6,5582288,1,384,428536,0
23,1306990,6,4167696,2,330,3356498,0
59,86252,5,5821698,2,539,-152490,0
21,1304356,20,2939611,3,662,3796704,0
46,1289221,28,4923718,4,688,3457770,0
35,1170676,19,5638802,2,598,2229243,0
43,296424,2,5258635,4,670,1248361,0
61,1205666,18,5830130,1,398,2066312,0
51,884964,21,3711907,2,346,2733304,0
27,141198,14,7304062,3,721,2550171,0
53,1289453,3,8644337,3,779,4087591,0
31,1333251,27,1794647,4,361,1687877,0
48,328646,11,2568804,1,408,438988,0
65,952626,5,5086166,4,848,227263,0
32,1316577,18,4486898,1,418,-12749,0
25,1269048,3,8792824,3,681,2235534,0
31,1150818,14,5439568,4,691,1718757,0
40,105824,8,7785090,3,351,2039185,0
57,1118862,4,901752,3,588,1355528,0
38,834568,12,6628338,1,636,667799,0
33,1198757,22,3568966,4,503,2737203,0
62,976848,25,3536914,4,537,-955676,0
35,894035,17,4503283,3,681,1038085,0
64,1092271,29,2150832,3,435,2943788,1
41,848425,29,5885571,1,706,918993,0
43,892716,4,5381429,2,807,2470010,0
42,733432,24,5532384,2,661,1039689,0
62,418377,15,6774062,3,680,1452986,0
58,1070356,26,8029564,2,553,2689904,0
46,658190,18,4272577,2,776,466582,1
32,839762,13,5954701,2,413,2894333,1
62,986092,24,5585976,2,319,2055104,0
18,274434,29,5755229,3,827,3507726,0
42,341595,15,5785195,2,444,2249779,1
24,810078,26,8181006,2,507,716616,0
26,1036369,14,4080646,1,830,4073593,0
41,1123211,21,1948528,3,675,816868,0
18,422605,3,3604252,4,803,1727412,0
61,1090989,6,6514533,4,465,3148890,0
25,826479,15,5046659,1,849,-255913,0
41,635052,23,4064801,1,480,3727602,1
28,705434,21,2847005,3,743,618938,0
68,1140557,20,5442572,4,631,1454000,0
34,982201,21,6289012,2,802,2346629,0
25,915091,20,5611744,1,378,1949952,0
52,973048,7,4493339,4,695,2947011,0
52,1178429,16,5293282,3,402,79030,0
50,870870,15,5281685,2,701,2872941,0
22,916295,26,5379393,3,523,2968690,0
59,1241451,22,2631390,1,817,3235070,0
56,800524,9,5394652,4,535,92407,0
58,1085442,9,4118807,4,726,237277,0
45,748888,26,7081237,4,415,1589149,1
24,775239,1,5265837,4,462,367009,0
26,868785,29,6670958,2,525,-164761,0
25,1054581,8,4396437,2,529,1537443,0
29,1258254,16,4468572,3,481,2280909,0
51,928963,10,7988502,2,548,5358775,0
50,450048,9,5872670,1,617,2658410,1
65,1089433,21,3570970,1,509,4102723,0
40,1636152,24,6793948,4,691,1947018,0
41,932600,16,3933390,1,395,2671479,0
54,387369,3,5451396,3,385,1824634,0
52,950895,15,8673349,2,714,5219747,0
61,899096,19,2137435,2,693,1177290,0
57,873867,14,4648436,2,800,1340030,0
39,1183622,24,5816543,1,432,2955848,0
44,1313482,26,6529396,2,613,2248967,0
52,1105075,20,2517532,4,520,1491005,1
18,860082,4,1928419,4,737,3152452,0
52,1237703,5,7181498,4,345,1950623,0
54,451851,16,3559170,1,491,1942163,0
64,685183,0,3475434,2,819,2276698,0
31,718611,24,8100499,1,678,-80944,0
20,890714,18,5139404,2,633,88095,0
18,1052020,3,5152476,3,338,3304274,0
22,839786,16,4640401,3,592,1187645,0
43,628189,8,2552035,1,461,1840458,0
31,1192455,23,6351393,4,630,3934926,0
56,829362,1,5818901,1,403,1894559,0
44,930638,7,5337382,4,460,1747893,0
26,1065320,14,4767353,2,353,3075293,0
32,911663,6,4415360,4,333,1282082,0
32,912981,26,6824966,4,541,3443515,0
43,1209142,5,4717413,2,412,3050669,0
59,945410,0,4871877,3,617,4196399,0
30,1158839,14,6059786,2,322,1171588,0
68,1063400,22,5415921,1,417,3640369,0
49,1505066,25,8284552,1,511,2664910,0
56,1022824,6,1477266,1,717,409560,0
66,1091391,28,5599814,1,412,-1115411,0
69,1230497,29,3588788,1,343,1042367,0
49,919085,24,3115826,3,427,2350817,0
21,708644,16,4085871,3,457,2524817,1
47,757756,1,5109358,4,693,1929102,0
54,760647,26,5198138,1,811,1939844,0
40,614900,8,1965387,2,344,1848807,1
56,995341,28,3917832,1,407,3237460,0
62,711145,8,5562443,3,518,276452,0
32,958455,12,3246139,1,742,2321947,0
60,852397,5,2770432,3,614,1012698,0
46,887513,5,487735,4,476,912150,1
53,1066816,19,3673613,4,527,3411476,0
30,737430,19,2700741,4,566,820084,0
49,1091667,20,3032134,3,678,1832578,0
24,1370192,2,4456359,1,788,4350198,0
68,1002932,16,3800342,1,589,3005692,0
39,665371,16,2667524,2,656,1454035,0
45,715494,11,768316,3,503,1553152,1
19,825521,15,5604622,2,512,527356,0
59,721532,14,6505654,4,622,3560774,0
62,602645,12,4206510,1,480,3213622,1
23,946322,22,4468448,3,798,2823922,0
45,833640,0,5005621,2,619,2956199,0
45,956916,16,8157567,2,382,1070570,0
61,1255916,2,1864584,2,602,142505,0
61,829094,25,4171020,1,561,2672648,0
37,544373,14,1556054,1,499,3066269,1
47,780332,3,5724636,1,539,3928456,0
28,1131127,3,4712083,3,594,1758931,0
45,1103031,17,5405984,1,811,1583898,0
42,1055591,16,5306245,3,695,1712887,0
56,712587,18,6981416,2,437,2804892,0
50,1125570,10,6076265,2,428,1661492,0
18,1193069,19,6661015,4,348,1937313,0
44,691373,2,2868930,1,592,2997263,1
69,887528,7,7386341,2,835,1248996,0
30,1506120,13,3555274,1,610,3669384,0
58,678037,25,3670260,3,836,2759706,0
20,388473,0,5541685,2,533,-229144,0
56,1314871,13,5603836,1,508,1381574,0
23,1240981,1,2856286,2,393,-429212,0
25,762909,28,4653441,2,626,1763984,0
44,866102,22,7976470,1,524,1402026,0
26,532519,3,2063326,2,310,3001825,1
54,926685,23,7970438,2,628,942777,0
50,1249774,26,4516603,2,311,2465282,0
68,737218,28,324490,2,334,2682617,1
59,1163130,18,2266536,3,746,2308633,0
61,1039117,5,3073044,2,751,3368148,0
41,1073345,24,3752141,4,519,4481946,0
32,754707,0,4790573,2,740,2134330,0
49,793612,16,-406960,1,834,2486215,0
49,345968,7,5373608,4,528,943667,0
41,729999,18,2889818,3,643,776571,0
58,1249045,20,7781045,4,379,3240595,1
69,621200,0,4459646,4,652,3081830,0
66,665909,4,6885692,4,695,764456,0
66,1092056,26,7220697,1,589,430135,0
69,1020830,15,7166546,1,754,1221515,0
29,1106958,5,3867186,1,427,1830346,0
56,551033,7,3841599,3,842,1509048,0
19,1669217,12,4550053,1,658,2192617,0
20,535273,15,6272474,1,826,3100475,0
66,946274,29,3978609,4,612,2554525,0
54,852403,2,4761475,1,374,2643345,0
66,544007,18,5547187,2,845,-941843,0
34,788937,11,3190216,1,495,63316,0
66,906992,15,3063783,3,328,1044251,0
19,705008,26,4683472,3,315,1242327,0
19,1181167,10,4948357,2,722,3007793,0
45,851512,9,5867770,3,704,945318,0
40,497617,24,6343773,3,830,2800313,0
54,472162,19,2801874,4,376,1057873,0
49,1081849,3,3375830,2,528,558938,0
50,453968,11,3058495,4,596,614660,0
18,994927,22,7824894,4,809,4709919,0
36,1033396,1,4759458,1,837,1031162,0
19,601393,23,5032258,2,625,2829184,0
61,1167221,21,5115548,1,662,130161,0
43,384661,18,3568659,1,658,3702714,1
49,988937,24,8128539,4,623,2418849,0
23,887742,4,5822053,3,625,2328774,0
49,864300,7,5079181,2,464,2496592,0
21,546631,6,2789487,3,754,2628799,1
28,618893,13,2676135,4,452,2970880,1
34,1385640,23,4382184,4,426,1281083,0
55,1264546,22,3600016,4,492,1210894,0
41,1122625,2,2865111,4,829,2059068,0
22,1181954,17,4258083,4,309,2821313,0
69,1153804,15,4567143,4,391,1920013,0
51,802993,22,5283570,3,438,2928682,0
23,914281,18,3992161,1,780,2741404,0
39,458247,18,2984798,3,748,1739620,1
28,873091,17,3054158,2,632,-96615,0
65,1255024,19,7425945,3,639,1395766,0
33,701787,15,2496484,4,351,4091356,1
50,1206942,7,5726364,3,765,2408071,0
26,927475,27,6039092,1,774,1232539,0
23,484388,0,4757449,2,700,2300781,0
33,567804,16,8535658,3,738,2811972,1
46,1175790,11,6003437,1,808,1233121,0
20,1065757,29,8685806,3,452,3482460,0
37,930529,20,3697871,2,813,2594837,0
53,817790,10,3732109,3,802,680109,0
36,963170,4,6055074,4,305,3027639,0
43,1164088,26,4477068,3,799,1508463,0
20,1342755,11,8371330,1,417,1785043,0
36,1357105,16,5683400,3,784,780837,0
37,1011587,5,2910851,1,767,2757735,0
49,848420,0,1526367,2,460,1821361,0
24,943874,4,4843522,3,569,2808508,0
69,1056636,24,4821753,2,355,1338821,0
58,1055420,27,5627531,2,527,1201516,0
50,1292395,13,7421381,3,448,1104275,0
57,1534726,4,7158226,1,345,2475238,0
56,838423,21,3842197,2,443,1183580,0
35,1546765,23,2412361,2,639,1756264,0
57,1251671,26,2531757,3,712,1377887,0
18,869753,0,3526396,3,819,2528100,0
28,1349569,29,4266536,3,643,-82362,0
45,1405694,17,5610124,3,686,2296439,0
42,761911,15,3398064,3,772,4077611,0
67,1419664,8,5560783,4,574,3483231,0
40,1222524,18,5724080,3,652,1260016,0
48,1610567,21,5286687,1,365,2593522,0
47,772788,4,2742754,2,378,2360678,0
59,793971,26,5935653,1,501,3763270,0
52,292001,1,9162539,1,412,-1012137,0
24,1071358,29,5491793,4,390,3335440,0
33,1012575,14,-906150,3,440,1678978,0
43,731101,6,7481759,2,588,1108125,0
65,875444,3,3594504,1,710,1073837,0
69,506633,0,9531425,3,676,440112,0
66,1259533,12,5232726,3,683,1263057,0
19,753090,19,1630598,4,451,704319,0
18,1828214,21,870605,4,618,2216260,0
65,847319,6,8079481,4,668,2707925,0
29,672114,14,7211809,2,761,1692111,0
22,776306,22,9452037,1,311,3799667,1
54,476411,13,5021848,4,455,1341894,1
49,1044681,22,4886940,4,776,1629365,0
26,774030,18,4234562,4,700,1432471,0
58,1239375,21,3683419,1,476,2718342,0
52,817575,28,4215140,1,640,2839488,0
36,1315332,23,5434926,4,356,2594440,1
65,1127236,19,3312198,4,747,1851069,0
33,908579,28,1661421,3,502,391252,0
20,1374069,23,5319753,4,501,1616671,0
37,1185688,17,3267608,2,629,3773767,0
41,1783863,9,-1478875,2,662,3215885,0
50,777163,8,6105134,4,753,2352860,0
41,922984,24,2783881,1,655,1538657,0
69,1370612,7,6323578,3,515,1983657,0
28,436938,25,6275696,1,322,1543994,0
66,1295083,29,5567180,4,454,3431662,0
25,1031790,28,9993635,2,485,993239,0
53,633536,9,4723896,3,548,3108403,1
55,491088,16,4428720,1,433,1364956,0
57,698253,1,6367344,1,620,3585112,0
37,214554,5,4889105,4,689,2512131,0
52,753138,25,7320987,3,733,1100735,0
65,1086766,4,2462388,2,321,1628825,0
42,757109,27,2495651,4,424,2853968,1
52,1316493,29,6531618,3,378,1401028,0
42,1397984,8,2670378,1,350,2026563,0
46,1282693,4,6218197,4,475,1384466,0
35,969192,17,5740005,1,552,4110940,0
63,202596,25,3611023,1,545,4317286,1
35,688890,19,5734340,4,405,3755748,1
19,857388,8,2530815,4,492,1850751,0
52,631839,16,3000200,4,615,1516696,0
33,858148,26,4525624,4,601,1065003,0
58,1383020,16,5157855,4,847,3842865,0
53,406267,11,4392722,1,567,3116868,1
50,1443507,6,5866231,2,469,3174513,0
21,1165417,26,5776932,2,754,1700086,0
50,980465,2,8058733,4,591,-109476,0
31,685915,9,4809429,1,440,166450,0
38,637814,1,7389126,2,445,2069160,0
65,412134,24,6841451,2,724,1372790,0
37,1415029,2,9587954,2,613,1234758,0
25,1361283,15,4745483,1,483,2414178,0
24,478114,1,4159282,4,427,3216391,1
20,734211,27,7515388,4,586,1158527,0
34,1029943,23,5770865,4,552,433268,0
50,810147,9,7563318,3,685,1187034,0
65,324397,5,6433597,3,529,747243,1
29,702668,21,786475,3,570,2711399,1
68,1485310,25,5752643,1,714,1995069,0
39,723006,10,5622431,2,497,4256587,1
39,850959,22,5266213,2,622,2881622,0
63,556446,6,4735513,1,355,4176627,0
47,1076328,26,1815712,1,502,315349,0
55,934545,28,6748353,4,437,-1903430,0
55,677394,14,5747536,4,721,2291590,0
62,508603,5,7203913,3,356,2147864,0
68,1321363,19,1922488,3,370,1852657,1
25,418336,26,6014268,1,671,2114956,0
44,1051144,8,4530681,3,813,651168,0
44,253836,21,5287576,2,383,2675814,1
51,1112163,19,4553680,1,342,2883431,0
38,1191089,11,6087215,1,432,560301,0
47,1228435,18,4674253,2,694,1575636,0
50,851637,19,2896170,4,364,1649763,0
45,1375201,2,5172850,4,589,1195026,0
64,1592337,14,4571650,2,675,606665,0
50,803513,1,4833212,2,766,2015005,0
22,764698,29,-1375622,3,512,2312966,1
65,944753,20,6365272,1,447,1267781,0
36,756695,1,4370672,3,770,691053,0
21,712838,21,2303692,2,448,2492668,1
52,738978,2,6845127,3,387,1079215,1
66,1414726,5,6272731,2,623,1628953,0
34,1131564,14,4345359,3,695,1476708,0
61,755716,26,2695661,3,703,3494850,0
45,163462,9,5356061,4,381,1134283,0
47,436660,8,5246212,2,585,4070631,0
46,1051028,0,6848668,3,681,2902762,0
63,263533,15,4112528,1,569,4185078,0
23,987898,5,7389844,3,591,2797566,0
52,580330,8,3919493,3,752,1734746,0
58,927541,26,2308336,1,323,899160,1
54,919156,3,2735434,2,610,1573506,0
41,936176,26,4875176,4,760,3784737,0
46,781673,27,4868970,4,507,1942473,0
66,771814,1,5655722,4,737,2793103,0
63,683762,28,4819251,1,837,2248365,0
48,1045167,3,6954637,3,635,2299593,0
52,1141557,0,4477811,2,721,2345791,0
50,534308,18,1007447,3,620,2594409,1
69,884511,25,4757806,4,796,1023071,0
38,958974,24,986442,3,462,1670114,0
49,955131,9,5542781,1,840,2371175,0
40,950030,20,7114385,1,464,2196184,0
50,779389,14,3027551,2,594,1446554,0
20,983709,26,7837113,2,341,2499921,0
35,1085408,21,6685662,4,584,1074630,0
42,942310,18,7412960,2,686,532392,0
59,1051781,15,5379127,3,437,2353982,0
48,1197106,20,3014469,1,486,561809,0
20,344717,26,6561630,1,730,2336148,0
57,1183039,23,3750798,1,715,-345617,0
63,1002728,21,5235769,2,725,1130014,0
41,566512,3,4657298,1,715,1606907,1
67,1140741,1,7249391,1,325,72037,0
49,780503,29,6460654,1,670,1552793,0
64,821410,24,4838868,4,684,3422023,0
39,747696,12,1096785,4,355,475629,1
40,990719,27,3729545,2,552,1585552,0
19,664394,0,6408444,1,405,4043173,1
44,1170442,16,5560220,2,429,725766,0
59,858341,12,1993556,1,675,3676668,1
19,790739,3,1386824,1,607,1665193,0
43,1125862,6,5391018,1,390,2122294,0
34,804132,16,2885885,2,692,3549778,0
57,1184453,8,3078407,2,833,1417882,0
50,1193877,3,6345215,1,409,2757230,0
26,499558,18,7404477,3,639,3061516,0
60,1232778,0,3498595,2,655,1219023,0
65,461389,9,4910479,4,467,1086283,0
56,1251474,3,4851506,2,751,1725676,0
46,1508507,8,4671591,1,404,1763221,0
59,1162450,12,5081196,3,449,705262,0
43,252905,13,6512997,1,445,1230079,0
52,1219069,9,3652151,4,598,-2160284,0
67,1573838,5,1949444,2,466,1598872,0
42,809090,15,8380019,2,347,3073273,1
41,889589,5,7178843,1,538,-26,0
30,543453,16,2792724,1,306,1444226,0
24,993623,9,5271264,4,763,4930799,0
53,1280753,17,7021404,3,752,1972927,0
62,1109321,26,6498087,4,670,3628153,0
37,1842590,21,5924026,3,848,785701,0
18,909908,17,4659546,2,786,2538582,0
25,410797,2,8454607,3,510,581338,0
63,951291,19,5441717,3,464,2481277,0
33,175064,26,3970081,2,424,3010697,1
31,740068,20,6742151,2,636,2725971,1
29,1387314,24,5192117,2,491,1586075,0
68,997540,27,5699595,4,513,2329920,0
40,953825,14,5406298,2,627,2341390,0
32,1446234,14,5993551,1,680,2799187,0
45,818820,3,3043087,2,538,1851479,0
51,1278546,28,2097787,2,831,3117366,0
19,938792,26,7868265,2,381,3721526,0
49,1014014,8,5499169,3,662,1618559,0
40,534808,26,6541694,4,804,2055727,0
39,755385,25,1480481,2,501,914222,0
68,480744,18,7133366,4,803,2408308,0
42,871426,23,3957028,1,336,2415965,0
39,1017120,27,3387563,1,701,2069583,0
39,566988,16,4873253,2,475,2160079,0
66,1514753,10,3044039,1,844,4306191,0
69,983431,24,4996536,4,766,-1464067,0
59,917338,8,4727323,3,500,1404011,0
23,1130897,9,7120791,2,839,1587531,0
32,651321,17,8026689,1,846,3748295,0
60,949043,19,7963031,4,693,2570346,0
54,684940,12,470970,4,341,2599623,1
50,1367603,7,3129666,1,692,3511827,0
25,582408,6,450226,4,740,1784051,1
61,918949,16,2612915,4,805,2782791,0
61,998794,20,3700963,2,619,1363080,0
22,1018447,22,5821123,4,514,736032,0
56,725629,14,3960133,1,370,4153000,0
21,631347,19,4015859,2,535,2442838,0
23,729961,14,5363529,1,580,2773595,1
62,1058497,0,1581380,3,461,703790,0
49,856846,24,3322813,1,490,2612423,0
69,1138862,13,3992886,1,308,4133879,0
47,1043101,4,4595196,2,359,1667059,0
64,216926,10,5153907,4,524,493040,0
52,974249,15,8001299,1,586,2220771,0
57,1575136,1,6816672,2,468,756923,0
69,1297580,7,3461379,3,361,130641,0
33,1026603,10,4477341,2,648,1118281,0
30,582182,28,4341121,2,741,1408882,0
67,1043266,17,3971694,4,313,815300,0
59,1121924,2,5545031,1,463,3591760,1
47,823875,29,1280440,3,719,4267532,0
36,995022,25,6761428,2,819,2741705,0
34,1352898,0,8387101,1,847,2461034,0
36,642817,10,4460318,1,327,1829542,0
45,582510,15,4421271,2,745,924400,0
43,1107809,17,5314088,1,507,3923492,0
54,1037262,29,7038771,2,769,1924575,0
43,1208651,15,4351412,2,403,1444897,0
40,1070938,22,6867890,2,725,3217707,0
26,729673,9,5976989,3,400,1911698,1
29,1029657,17,9723222,2,840,3172753,0
18,557362,5,4342675,4,821,1508301,0
18,824904,18,1047999,1,405,3221164,1
64,1050839,3,2134121,3,576,3175720,0
51,791845,26,5023856,1,364,3589794,0
49,1640415,12,7055764,3,487,1148690,0
65,332344,23,3694981,4,616,1900352,0
42,735752,13,4538135,3,437,4337324,0
57,618666,2,6369685,3,642,1704305,0
62,689895,9,3069534,3,404,2973230,1
18,707100,5,3777461,1,845,4748678,1
33,502073,0,2664546,2,679,-218849,0
56,1125810,22,7356456,1,409,1664533,0
22,735871,23,8083345,2,844,2002244,0
39,949072,26,1841170,1,653,-158654,0
46,769552,13,4715629,4,616,1452834,0
20,692735,7,7814517,4,565,834342,0
29,1401683,18,5797390,3,364,3029222,0
43,1176879,13,4021521,4,632,-79176,0
33,339539,9,1907675,3,812,4267187,1
68,307758,16,7305889,2,432,2827876,0
54,1212782,8,5721030,4,839,735414,0
39,744043,28,2054027,2,834,3231703,0
46,405275,5,7379782,1,795,2716375,1
31,1213720,10,1799192,2,668,1953478,0
45,950737,24,4559027,1,398,1134251,0
22,975471,6,4470770,2,616,2657195,0
64,1142861,16,8236762,2,422,2147504,0
66,507006,27,4477907,4,619,1172911,0
47,410549,27,4470714,2,794,388093,0
63,1374286,0,2273843,4,756,979293,0
69,468849,21,3719204,4,821,1396042,0
22,533328,4,3365409,3,819,3394984,1
29,593269,8,3469555,3,614,3032910,0
33,1523983,17,5012569,1,841,1459918,0
43,1048014,23,131647,2,778,1506567,0
43,1189622,26,1979539,1,319,3189622,0
65,958850,20,4777962,2,429,2320816,0
38,719433,1,5242509,3,592,2304097,0
56,1089387,28,4533134,3,431,1155949,0
53,433015,25,4918411,2,655,1851897,0
50,571414,10,4181766,2,353,2005114,1
47,1119892,26,4962990,3,686,1890569,0
54,492823,27,5868284,3,564,2880881,0
40,843275,5,5854267,1,514,2918424,1
27,856946,25,3622083,3,759,897250,0
22,741401,7,6830189,2,757,1399742,0
53,314664,3,5314217,1,342,1175151,0
51,711321,17,7464427,2,577,3666230,0
69,652509,27,7865744,4,429,4704188,1
48,948431,10,2114546,1,649,1443654,0
27,933147,4,3281944,2,843,1799485,0
36,1013388,14,6627096,3,405,3010777,0
49,697204,27,1670215,4,300,1151346,1
18,1056833,17,7840353,2,731,3037889,0
22,433197,1,4312235,1,605,1974956,0
62,353428,21,6150066,2,826,-92487,0
21,199328,10,4767218,4,352,439479,1
33,750210,25,2215220,1,819,1594575,0
41,674010,24,7111089,4,629,3467538,0
33,1136794,12,10501446,2,624,928958,0
19,705401,3,3969983,3,413,1359079,0
66,982012,21,4355282,3,446,2253349,0
45,1143988,6,-298199,2,465,-2517,0
49,694104,28,7703005,2,678,2358263,0
44,989415,10,6823530,2,438,147511,0
37,1200578,21,1533232,1,598,2680621,0
41,528551,23,870229,4,575,1029466,0
29,907455,3,1101537,4,477,869541,1
67,695389,27,6290338,4,653,2327355,0
52,547653,14,6489982,2,453,2952788,1
50,439064,0,3153332,4,500,2451511,0
50,542805,22,5998520,2,414,2249172,1
68,918008,2,5317754,1,367,2266162,0
60,416746,13,4265460,3,744,2458786,0
54,734781,5,6940393,2,744,2537643,0
29,1143958,17,2590128,2,625,1526862,0
20,1034703,24,7295078,3,658,2785403,0
18,740847,0,3542956,3,444,1042171,0
50,1406907,5,8563073,1,574,3309671,0
57,1467910,5,2989387,4,808,2938932,0
27,907836,20,4296855,2,478,4617081,0
60,159437,15,5117174,4,776,2616618,1
61,1165934,28,5104637,2,713,3090919,0
46,211807,4,5981657,1,452,127354,1
30,1342843,16,2428635,3,403,3130036,1
29,1225075,9,4925375,1,374,3411747,0
48,1432263,27,5276263,3,427,3805665,0
63,978079,20,3944523,4,644,2144559,0
19,791584,17,5808117,4,830,1589727,0
68,764969,6,2307260,1,458,692582,0
67,736121,2,4347092,3,837,802356,0
52,1194320,12,3493631,1,725,1969271,0
40,1113681,14,4353138,3,322,-101725,0
34,936067,19,7894070,3,346,1078137,0
43,683345,18,7932911,4,824,2107426,0
25,1688763,2,7540832,4,443,2080644,0
46,1173712,3,4075485,3,718,836727,0
43,420686,4,6815236,3,384,519364,0
27,745123,0,5224724,3,715,698585,1
43,1179532,3,5091179,4,781,1734977,0
51,660138,11,4845277,4,755,4555756,0
68,1005464,27,8516835,2,596,3272406,0
58,1185238,26,7731677,3,411,2257033,0
24,-116528,23,6489792,2,529,2664668,1
21,867588,9,4659398,3,395,3219037,0
67,879362,22,5079121,4,677,2810742,0
62,776378,24,6061133,2,455,1630148,0
28,990508,20,3956782,2,720,985294,0
46,1097255,28,6876631,1,404,1849670,0
53,942615,25,3157509,3,629,3205090,0
42,787851,19,5783687,4,738,1675530,0
38,1089786,23,420568,1,431,674389,0
53,914716,24,3898762,1,681,-68137,0
27,830789,12,9155354,3,437,1854763,0
54,506316,22,7072382,1,569,769229,0
26,431203,13,8070936,3,849,1476180,0
41,500631,22,3665384,1,695,3747479,0
52,983498,4,5207545,3,763,1935380,0
66,876276,3,7563984,4,749,1099447,0
52,455914,13,6266189,3,630,2370501,0
65,1093775,9,6017131,3,552,4305145,0
53,1312292,16,8261163,2,584,1855164,0
35,720451,9,2919090,4,573,-826631,0
66,377705,25,4631523,4,319,2780091,1
56,687262,6,1491828,4,538,2415716,1
49,1156338,15,2809787,1,569,2108146,0
41,1064558,0,7148370,2,717,1736987,0
40,623270,16,3165301,4,609,1031273,0
49,1356351,20,6471048,1,330,3817969,0
54,1304484,28,8316970,1,403,-205971,0
29,680098,8,4644123,1,485,1629246,0
66,677012,5,6039726,2,427,1601191,0
30,722151,18,6486624,1,509,3024130,0
40,747800,12,2557009,2,713,3482792,0
42,1185161,2,3767095,3,580,1727919,0
52,1027598,6,2992677,1,552,2231559,0
58,1163123,21,3926553,4,318,2333584,0
47,1102069,8,6432221,1,435,3263991,0
34,1414358,21,3809606,3,522,3239276,0
66,582184,4,4929693,3,302,1353903,1
37,1014107,9,2915076,1,535,2525481,0
65,247853,22,7452844,3,764,2459902,0
42,504913,16,3909780,2,527,1860908,0
39,877543,11,8045961,2,798,2448538,0
30,1025461,22,5121858,1,820,2024225,0
36,869455,15,2186000,2,438,2189468,0
66,729842,2,4657946,2,575,372792,0
53,783174,29,2874446,4,590,898446,0
29,1310832,24,6178698,1,352,2981306,0
58,784790,21,4477274,3,409,547294,0
36,1424772,8,5326420,1,303,2564131,0
29,1138205,28,4261293,2,346,1902288,0
26,1037261,14,3889315,4,393,3236785,0
24,541920,4,3052755,1,512,2778560,1
45,1180571,22,6672445,1,735,1456064,0
31,751868,12,4653693,2,807,1732101,0
48,541668,13,4370618,2,504,-382645,0
69,1053853,19,4603572,1,680,1843522,0
36,483616,14,3642276,2,372,475821,0
64,671327,15,4377297,2,815,1737552,0
33,896965,22,5411259,2,375,1234498,0
22,1565526,12,2931726,2,376,948044,0
52,693925,16,3221296,2,709,3425269,0
29,762535,22,7756568,4,405,468546,0
42,1119703,7,4274486,2,775,844321,0
69,528511,20,3896878,3,574,1162146,0
38,1032841,1,2312256,1,387,1422658,0
53,1261778,4,6701355,4,376,947865,0
40,807871,5,2888148,4,376,1569021,0
33,1207846,11,4969414,2,741,2362585,0
56,987434,17,1583629,1,839,2803830,0
62,680795,29,6636345,3,544,2745569,1
59,840658,21,7353712,2,681,-289843,0
56,786072,21,5969040,1,441,2456235,0
31,873708,0,1931039,2,667,2530278,1
48,945815,29,6677524,2,383,1205121,0
22,1076459,16,3345302,2,442,4001221,0
52,1052600,29,2658056,2,651,3305199,0
40,170485,10,4233077,2,844,1780370,0
46,870807,9,4193264,2,451,1284838,0
60,447173,18,3989902,2,457,3981733,1
28,817281,13,7547348,3,745,1977183,0
35,862863,25,9023651,4,602,2102044,0
64,1192844,9,2261726,3,749,2086947,0
29,890965,14,3622335,2,523,4763725,0
26,977765,27,5285496,2,342,1740181,0
27,1137916,18,4222567,3,563,1971629,0
61,1268325,3,5798797,3,302,1002724,0
34,863095,1,6831970,4,567,1532600,0
55,928253,8,6498731,3,315,762329,0
24,903006,9,6219467,4,633,1027120,0
63,737220,27,8318191,2,763,-171941,0
30,669265,10,1822105,1,358,3057829,1
57,218434,13,7960217,1,476,2188095,0
59,577001,6,4174016,1,362,2286931,0
26,366410,22,6570250,1,606,1937074,0
67,1276559,14,2940667,2,545,2086119,0
44,956524,21,3183007,1,588,3942966,0
19,862218,18,6324234,3,631,1077472,0
22,684754,21,1142539,3,826,2334028,0
46,908933,14,6978884,1,554,2327589,0
54,645606,29,7519927,3,809,3370387,0
55,952205,27,5355569,4,762,2526385,0
36,973720,23,5283522,2,498,2586702,0
25,641584,7,3332727,1,570,490076,0
65,635861,10,6348898,1,363,1029317,0
62,1188659,28,5695330,2,529,599733,0
18,884142,8,3156989,3,548,-971046,0
39,665693,14,4217040,2,545,2476639,0
69,788848,0,4681329,2,456,1686045,0
34,596821,29,4214395,3,387,2478886,1
24,879844,0,2274177,2,612,2042587,0
42,1149488,18,6398040,3,365,2288523,0
62,891698,2,4512979,3,319,3605738,0
21,1609090,9,5030729,2,332,2008754,0
53,1026407,7,3843466,4,372,2802787,0
23,968986,14,5950542,3,642,1637307,0
48,627509,9,5397392,2,432,2989745,1
36,828439,0,7425568,3,354,512434,0
61,666295,28,5961197,4,360,-205067,0
56,250306,17,4594631,4,819,4527992,0
44,1192278,1,3520566,1,571,4203564,0
27,746564,18,6731905,3,545,-334617,0
43,671879,12,4434847,3,475,1956664,0
36,963171,21,4656564,2,616,2179899,0
56,1053749,0,4656056,3,430,2867565,0
20,803767,1,4196784,1,401,4087050,0
62,899219,28,4690922,4,609,726307,0
30,1123856,15,8852415,4,591,790781,0
67,791941,14,2904355,1,794,1998594,0
45,990700,12,3370991,3,660,843706,0
37,402226,15,7768648,3,637,-1256964,0
45,527604,16,4250391,1,309,1727311,0
25,1081661,20,4098757,2,348,3029052,0
58,511932,28,7069727,4,786,1975439,0
56,970241,28,2159608,1,620,2748854,1
18,855900,6,6642908,1,432,2577207,0
20,790659,23,5091232,3,382,767617,0
30,651461,25,5929604,4,356,2081625,0
45,1172802,16,5892061,3,675,169807,0
66,1418967,6,3744034,1,648,1385707,0
42,990057,12,7102367,2,570,2060543,0
50,996747,4,3899724,4,782,1998616,0
55,695300,25,5817698,1,410,450878,1
23,541170,16,7475448,1,375,693205,0
61,888078,2,7757803,2,457,2349151,0
62,607875,6,4465747,1,831,2992872,1
49,368216,25,5926270,1,628,1751639,0
62,1141033,16,4281022,4,421,1691567,0
64,1155650,6,10007592,4,340,3117531,0
38,642348,20,6560252,4,466,1073520,1
33,973189,0,5168116,3,322,4072435,0
38,1200585,16,5625124,2,578,385672,0
28,961508,29,5814210,4,768,3258195,0
54,542053,16,5873487,3,699,2647001,0
53,830131,10,4520003,3,308,4892144,0
52,1298042,24,4211345,2,312,654596,0
36,974107,26,4696293,2,351,-800827,0
37,1061739,28,2720616,1,508,3499335,0
35,1002488,2,6436548,3,849,234399,0
64,643346,14,3396589,4,701,2738931,0
58,713746,28,2880099,2,490,3418581,0
66,1001659,20,4971291,3,350,2455712,0
31,1145061,10,4739754,4,692,2278617,0
32,1229971,25,5499268,3,599,2481128,0
48,642568,27,3863589,2,495,3004906,1
18,1029936,15,4214914,1,716,2704482,0
20,1256113,24,6384239,3,719,540099,0
33,603875,21,6262434,4,821,4189999,0
40,1346024,27,6179050,2,655,2061329,0
28,1391682,8,5067935,1,447,2622009,0
29,1687525,23,5337845,4,664,2853186,0
27,969280,23,5460877,4,663,3387113,0
49,970927,0,3687916,4,701,3262528,0
33,1148098,28,7948093,3,791,2158084,0
25,1139340,24,7663176,2,528,2080959,0
55,1237910,21,6588491,4,836,2490333,0
29,1135209,15,4148276,3,567,3320073,0
41,868181,8,6078288,2,704,664853,0
45,1266599,18,6956739,2,310,2772914,0
25,578623,11,2553606,3,619,936412,0
45,901755,18,8389023,3,425,4221456,0
53,1369120,21,1521224,4,605,2440777,0
43,524926,8,6409211,2,810,1500766,0
25,696757,6,7906564,1,388,2514459,1
67,1101524,13,4773873,3,654,2011041,0
45,1018173,28,4699071,2,651,1807775,0
45,637492,18,6335321,2,313,-171070,0
54,775141,18,8703763,4,556,770968,0
58,545765,1,4437864,1,508,1831456,0
53,1194145,8,3438089,4,580,-26024,0
44,823235,12,4152449,1,742,1295388,0
34,1437646,14,1894972,1,688,1400150,0
26,924330,2,6795515,3,782,1064668,0
50,834077,10,3971833,2,446,2926825,0
37,804953,20,4583321,2,578,943796,0
30,826740,13,6819242,2,820,2106090,0
45,933246,29,4246179,1,733,1576203,0
65,1653722,24,6518180,2,443,1857443,0
46,798342,7,2923822,3,588,3927680,0
30,808093,17,6917438,1,685,2215623,0
63,919678,18,5683810,1,313,2447639,0
52,1227082,15,4822841,1,556,1081499,0
23,473704,1,5261786,1,645,2751379,1
35,1036527,7,2426477,3,644,2700763,0
68,654772,21,5216001,2,699,2585130,1
22,1065981,5,4716660,3,506,548987,0
64,751872,11,2481134,2,471,1297703,0
42,208769,14,3657849,3,763,3720296,0
19,1010873,24,4741509,4,569,1174706,0
27,1008343,7,3785415,4,520,3883985,0
47,726275,3,175772,4,451,1344324,1
67,708496,14,7152775,4,482,2177859,0
62,506588,27,4715820,1,698,1775396,0
22,1131929,19,452099,1,371,986233,1
50,1164664,24,9269925,3,717,1003509,0
18,636284,16,7482784,3,582,1154908,0
35,738019,12,4302035,4,373,2177677,0
49,881013,17,3315005,2,654,3068501,0
64,1581259,1,5806382,4,796,2099787,0
66,1063536,12,5404653,3,627,1959946,0
28,616975,12,6084179,4,834,3452453,1
38,991134,21,3320759,3,746,2049605,0
43,486992,14,7195544,4,672,1348563,0
42,1115397,19,4053075,2,661,802710,0
39,1402664,28,6361531,4,392,3524536,0
44,1403937,26,3406121,2,620,1604722,0
66,1120468,9,10296287,2,623,1305711,0
30,724976,28,6391046,3,683,1201948,0
50,509729,2,10768464,2,645,3457028,0
51,479938,18,6655203,1,402,1312431,1
58,58134,2,3877071,1,514,3188555,1
52,1108156,21,6658761,1,491,1723510,0
18,869149,13,6801155,3,493,549943,0
38,1172764,7,5746648,1,679,1601009,0
65,1328409,26,6260784,3,702,1960648,0
23,929971,22,6523454,3,310,1861795,0
45,943788,29,3012637,1,486,1832019,0
34,760703,3,2870283,2,314,1613666,0
22,796174,26,3411566,4,596,1057988,0
48,1118540,27,5255084,3,710,2012885,0
22,847687,19,4553657,1,351,2649138,0
55,804297,10,3048858,3,327,244885,0
20,894504,25,6550628,2,316,3558874,0
40,1165899,10,5566089,2,650,-2435946,0
54,692201,26,5337857,1,727,2090298,0
54,880041,29,4484021,3,528,2559304,0
27,973583,10,4243543,4,509,1275976,0
27,1248066,1,3317337,4,730,-551001,0
36,828210,29,6867480,3,593,1883931,0
34,684652,16,3593014,3,403,2203635,0
38,754691,8,5418780,3,503,621537,0
31,1215917,27,8324020,1,352,1003839,0
26,1509991,27,4335484,2,674,3155254,0
63,505872,1,6921404,4,353,2141218,0
18,571409,28,6137418,1,575,189587,0
68,849360,23,5622935,3,634,2539795,0
62,933286,14,5860696,3,330,883377,0
30,1136090,15,4810186,2,434,1070285,0
21,632660,24,5069551,3,357,2237188,0
18,581067,3,3903772,1,404,2125388,1
66,941426,7,5082914,1,565,1516872,0
57,822479,8,3829548,2,821,1394948,0
49,1178016,25,7011310,1,795,1699041,0
51,1046207,25,1601005,4,552,1063287,0
45,1066613,4,5962106,1,594,3306814,0
48,868655,15,5673173,1,457,116967,0
25,1606674,12,5492031,1,848,1710945,0
56,648675,29,7048997,4,366,248713,0
43,1083242,6,4427752,3,598,3123202,0
51,519093,25,5510867,1,762,1709227,0
20,577959,19,1566916,2,400,731997,0
67,717796,16,4169366,4,355,2822057,1
29,1388797,2,6711472,2,631,-750316,0
18,979168,4,2321676,1,692,2337060,0
61,722856,18,5319486,2,680,3381547,1
22,1012330,11,3644965,1,391,2215452,0
47,910544,28,4778026,4,746,1392187,0
47,752407,26,3764645,2,408,509381,0
34,481011,6,2505608,2,616,3299017,0
65,1331562,27,5772006,1,467,3112906,0
64,962945,8,4900806,1,734,1225565,0
40,1552121,27,6225258,3,741,1257634,0
32,1182096,5,6588875,1,517,3424120,0
54,1065395,28,7450517,1,521,2637935,0
38,769438,25,5266973,3,827,-143901,0
31,571396,16,7537242,1,577,1765157,0
19,834680,15,3048450,1,765,1720932,0
28,562712,22,6817919,3,329,2297161,1
68,1095057,2,5918780,4,658,2007255,0
56,1389795,20,5466185,4,587,1384746,0
55,821726,25,5889464,1,385,2214031,0
51,1183347,3,3078522,1,533,1462666,0
55,693231,9,2606506,3,612,6097024,0
67,809259,4,8419656,3,664,2147273,0
51,655510,20,4662555,4,568,1982360,0
35,260060,21,4634013,2,430,4211369,0
47,889039,29,2795381,1,650,362787,0
32,938535,9,2036443,2,479,1868032,0
44,1219758,11,4823362,2,779,860476,0
68,1138631,9,4316824,3,462,2762012,0
51,1142685,28,5003468,1,395,1406780,0
69,607789,12,5174307,1,809,2696112,0
55,1037849,10,9978922,3,664,2609661,0
50,1374778,21,4322840,2,652,2936446,0
41,1013960,15,8159880,3,735,2629422,0
32,1448578,7,8284048,4,382,1731152,0
47,1505689,7,6507248,1,524,322816,0
59,819459,26,4529747,4,711,3210901,0
68,690918,24,2277055,3,417,3690832,1
34,671561,7,5955887,1,781,874558,0
22,445159,12,7037624,4,491,2883052,1
46,744479,26,8495374,4,406,595564,0
21,1262299,1,3100084,2,681,2244118,0
27,238788,29,4512947,1,689,2491304,0
34,588763,29,3112270,4,543,1488536,1
27,861860,11,3733044,4,767,2114085,0
34,636844,9,6328775,2,837,3017843,0
37,741814,11,3641390,4,509,1868700,0
41,746301,10,3351457,4,372,1189834,0
22,822737,14,6593991,4,608,531464,0
51,681163,15,5901477,2,485,1531082,0
23,656636,16,5700022,4,552,590334,0
19,1180292,25,3694225,4,312,1547139,0
30,1214896,1,7586046,1,598,1441709,0
60,485836,17,5028980,1,375,2964925,1
60,72120,11,9760380,2,350,2088170,0
65,1219012,18,5322332,3,448,5056711,0
28,531359,25,333304,1,421,-416307,1
68,963823,22,244248,2,510,2376045,1
64,430298,17,6247899,4,579,1458132,0
40,1289326,29,7600988,4,837,852751,0
33,1663100,16,3432343,2,455,1964276,0
48,954842,29,9201957,4,537,1874459,0
28,871769,5,8325997,4,675,3293375,0
33,803358,24,5421093,3,381,2109510,0
25,1134539,14,6078907,4,791,1168638,0
21,1070306,2,6789060,1,655,2401052,0
57,1201049,5,8779989,4,572,1724418,0
21,711625,2,6364271,2,343,649425,0
42,1002035,29,5375863,3,422,1701745,0
20,737259,28,6344602,4,648,2277130,0
49,582685,0,6074720,2,629,2086738,0
20,887695,29,6848820,1,708,2396375,0
44,623246,12,1859953,4,622,1368217,0
46,1252118,27,5631706,3,410,2381134,0
49,641423,20,5920881,4,388,2144138,0
67,1009063,25,4854305,2,732,2153875,0
68,718973,13,6568332,3,398,2038827,0
36,983118,12,8842335,4,838,4611311,0
38,742801,26,5276434,1,445,3332151,1
22,522836,3,6383442,3,556,2354470,0
35,1045131,6,8212529,1,488,1039751,0
45,829375,21,5323129,2,539,1649201,0
59,985795,9,3223073,4,802,3938945,0
39,771347,6,6231557,1,570,1324475,0
38,501619,20,596667,2,819,1801124,0
23,1224953,14,403265,4,849,1734316,0
18,1121027,14,5666024,2,413,2441464,0
22,729911,3,310059,1,638,1476024,1
58,920933,22,2369664,2,658,2212229,0
29,1212605,22,4239802,3,633,1502819,0
43,762888,5,3557167,4,468,3577412,0
63,809434,23,4704386,2,638,1176466,0
51,973089,19,7225740,1,560,3173173,0
66,762272,25,5476961,4,498,1297836,0
31,1157127,4,3321359,3,510,975504,0
43,849329,19,7708882,4,586,1159048,0
62,664789,11,2142285,3,771,-53722,0
44,1082591,0,5443767,4,781,2526318,0
26,557360,27,1919828,2,322,603228,1
43,1504463,7,5504635,2,408,1570496,0
64,1374748,0,4362745,1,595,2913945,0
39,1054048,4,7164475,3,305,2875223,0
64,1028799,21,6441378,1,849,282009,0
47,1014732,5,3825721,2,502,2372652,0
60,753271,28,3442120,3,624,3368592,0
65,989192,20,4369806,1,543,1235788,0
34,623060,2,8751142,1,626,2616287,0
43,1051145,14,8238136,1,346,628064,0
53,1160354,4,3063463,1,312,2462788,0
18,786574,27,6600450,1,679,2157525,0
25,721469,23,1537137,3,664,2793376,1
66,536256,13,4105315,1,641,2718975,1
52,1337386,17,3144871,3,520,375819,0
69,745300,15,7138558,1,372,2163863,0
32,840378,5,2418564,2,345,3743496,1
64,990046,24,5858700,2,803,-622370,0
39,984662,23,5001420,1,573,3160311,0
31,1123968,13,4649102,4,507,3922046,0
43,786201,26,8343165,2,423,218437,0
45,558399,23,8519394,3,309,1195161,0
40,505900,7,4711214,1,628,2621291,0
31,726223,28,4308167,3,486,936649,1
41,614444,6,1986253,4,842,3637495,1
19,808914,7,4991482,1,359,3270675,0
62,1292273,12,8906606,2,741,338044,0
43,786816,5,4742529,3,516,1108330,0
31,786704,17,6457518,2,301,2923804,0
68,895080,1,2205005,2,835,2876791,1
24,778312,7,4130450,1,655,4662128,0
20,879782,10,5924930,3,464,944141,0
64,1062260,0,5211724,4,390,3751061,0
40,1165425,21,6649334,2,466,903303,0
63,1200963,28,3794656,1,506,2600385,0
60,1517055,5,1500022,1,581,3070810,0
64,1070807,15,7244180,4,364,-1592680,0
62,1570343,26,3127701,1,815,3093447,0
35,667055,19,6013208,2,456,3661483,0
55,1527385,11,5901713,1,605,3315058,0
52,785887,10,1672493,3,694,4464006,0
68,815394,28,7098250,3,373,3158212,0
32,864038,26,3866865,2,486,1355353,0
42,834413,28,5110109,3,636,3486813,0
54,925752,9,4283634,4,539,1287240,0
45,725991,2,8245183,1,832,2098901,0
27,1148988,12,7686980,2,440,2998139,0
56,734149,26,1375330,4,564,2537696,1
34,1096683,2,9517654,1,438,3621358,0
56,1358317,14,3643386,4,758,4986409,0
39,792869,15,9204873,2,369,635163,0
43,1138315,28,4487580,2,684,1605996,0
61,1067747,12,4318166,4,497,2379654,0
42,1575866,16,4505344,1,504,1444170,0
34,748550,2,4198420,3,730,1909152,0
30,1138521,19,10048793,3,624,2930983,0
37,412196,10,4847273,4,741,2771489,0
42,751242,26,4395407,2,587,2296799,0
21,1006017,20,5154021,1,525,2177276,0
27,1317947,18,3065329,1,363,1731355,0
20,532219,21,8194241,2,797,3685427,0
58,1135827,10,2057838,3,359,3996066,1
62,881032,29,3771982,1,696,3222576,0
35,443541,27,6873320,4,556,620748,0
64,954476,15,5084704,3,538,1685347,0
53,1412748,20,6098430,4,337,2239599,0
64,563873,2,8066328,3,324,871166,0
39,867018,21,7007603,2,709,2094900,0
51,604008,5,5274952,4,760,2026666,0
64,759425,13,9178685,4,716,3300965,0
25,1329651,23,3743327,2,656,1402051,0
57,818542,17,4799380,4,682,3395963,0
66,1320469,16,4939119,3,457,851158,0
61,1232716,3,4795156,1,732,1018592,0
36,791178,22,2861578,1,347,1544765,0
59,749220,14,1832700,2,627,2057446,1
58,631200,10,5834403,3,732,-899814,0
54,620735,25,3733052,4,730,2551157,0
23,1005962,2,8815617,4,355,4051211,0
69,894064,2,4854915,1,567,2781523,0
43,712918,15,4497021,4,368,1747196,0
51,435371,4,7188679,1,748,698490,0
62,931853,20,5804385,2,556,-175626,0
23,759134,28,4648965,4,789,28371,0
54,841410,9,3718536,3,348,1842992,0
50,991398,18,12315403,4,615,4528292,0
39,149459,24,5723571,1,712,-1260488,0
38,440017,3,7168859,2,733,2840261,1
23,1588932,28,2954108,1,301,1186741,0
23,748016,28,3844029,4,444,1597406,1
65,144770,18,9224691,1,665,874761,0
21,465017,10,7793861,1,719,359073,0
47,1645340,1,5915244,2,743,2150764,0
28,689100,9,4236858,3,733,2315364,0
47,1247704,28,4531928,4,356,2802008,0
48,936335,10,3647778,2,477,-22292,0
41,754509,24,2686301,3,592,3048766,0
26,1132633,19,6847688,1,345,3070169,1
20,184692,15,6077662,3,469,2509392,1
68,467660,18,6472157,1,570,1494846,0
48,752294,22,4326204,1,716,2370117,0
57,497128,23,5511277,2,438,1807461,0
54,725766,10,4135912,1,546,3162219,0
53,1156113,13,3545383,2,447,1560146,0
41,939641,1,8334124,3,529,2129629,0
48,1299185,22,5243014,3,673,-85986,0
23,958612,27,6014908,1,379,2366359,0
19,1197738,4,6671508,2,364,1100534,0
37,880778,26,5268081,1,387,2614959,0
45,722917,4,5481265,2,387,2946109,0
28,1344170,18,2826749,2,503,1268032,0
21,687194,20,3207769,2,681,2037425,0
32,1003153,11,3104370,3,775,2209393,0
23,1130669,17,6210916,2,838,2441676,0
66,1152447,3,5141781,3,513,2947829,0
47,550367,21,3207936,2,373,2790813,1
55,1215585,16,6160197,3,360,1544131,0
68,606313,9,6086912,4,842,3917986,0
19,1143211,19,3610068,3,518,2902384,0
32,1060552,5,4944344,3,311,3686173,0
28,1145589,24,6094283,1,714,2416048,0
25,538498,13,3283289,2,331,2486966,1
43,1076378,10,6132453,4,459,1859370,0
68,1225678,10,5602047,1,536,1467470,0
62,958018,28,3001600,2,480,3170405,0
61,654414,17,5439593,4,640,2317508,0
22,1175924,26,5731297,4,757,1842123,0
23,934175,22,3747997,4,379,772850,0
43,397666,21,3905432,2,772,3866138,0
21,631143,17,2983160,4,411,2135150,0
36,742111,23,4102002,4,591,527932,0
37,1351745,22,4975835,1,682,2097706,0
50,1299054,10,3910955,3,316,1758895,0
37,1298090,20,2030224,2,792,1709664,0
66,969708,11,3622823,3,630,2691511,0
29,1174078,4,4165415,1,785,1760552,0
64,557766,22,6633677,3,705,1633401,0
18,902040,8,6189529,4,416,3634885,0
43,1035489,26,6672442,4,414,-87480,0
31,577530,24,3521962,2,848,1938341,0
55,962973,8,5283101,2,846,3114622,0
54,1405991,21,153907,2,635,2752318,1
28,1067630,9,5857840,1,635,3224058,0
53,1175263,21,6221795,2,446,4425886,0
30,164277,18,4296749,1,421,4038742,1
60,1367390,0,5590859,4,380,613358,0
20,844163,6,1970151,3,674,67155,0
50,669394,3,3397866,4,362,2392222,0
23,847608,0,6530898,4,803,375058,0
67,454493,14,6022506,4,748,-311763,0
27,1214382,7,4176290,2,727,2379491,0
22,799381,11,6622724,2,726,2680454,0
40,678410,21,5276596,2,720,4053368,0
27,849583,21,3991558,3,621,2922117,0
61,1235404,17,4634345,2,465,4303472,0
19,939437,14,4089164,1,760,2426665,0
30,477091,16,2632448,4,758,636475,0
57,1039494,28,7513371,3,488,2986624,0
19,621306,13,3863951,3,763,3601175,0
37,253169,13,3335278,3,678,2469301,0
18,1348802,17,1941303,3,301,3740660,1
54,1037168,19,-271935,3,663,1852099,0
26,876518,17,6402993,1,371,2655078,0
34,796317,15,6587217,4,726,1790801,0
26,1319123,0,7386077,3,469,4854852,0
28,1826146,22,4701921,4,504,3009512,0
32,1034634,26,4356014,2,636,659953,0
41,591109,10,3984553,3,771,4223116,1
55,853660,14,4166884,3,494,1120184,0
52,1029171,11,7239580,4,574,2016435,0
47,195141,7,4946969,3,306,2561960,1
48,1000349,21,5756141,3,477,2659990,0
66,1030927,19,4115986,3,541,2580466,0
22,1297902,29,7641695,1,502,640345,0
61,1266636,5,1190522,1,842,2584441,0
67,933351,2,2558951,3,761,3320775,0
31,1354391,27,5759421,1,379,3286236,0
28,1510703,23,8501221,2,822,437824,0
26,908385,25,4549799,3,716,1213216,0
51,1025456,29,3315258,2,683,746574,0
29,369810,12,7001325,4,690,2407775,0
52,464708,12,5647396,2,425,138022,0
52,648541,1,7580427,4,793,652708,0
18,766914,4,2419297,3,346,1201838,1
57,571163,16,7423336,4,775,-156148,0
39,889201,5,1903085,4,763,1966641,1
46,775887,1,4423655,2,422,-527794,0
25,1221268,3,5825565,2,773,2582413,0
28,757567,21,5372026,2,433,1523574,0
58,213984,25,7121184,3,322,1251220,0
54,937725,10,1346679,3,534,1447101,0
31,895740,7,5282014,2,358,1927536,0
47,641385,11,7399284,3,463,2711439,0
52,928499,7,5118588,3,515,3580516,0
38,577420,10,2715320,4,482,3216686,1
54,998951,21,7015014,4,389,4678025,0
22,1689877,19,3703379,2,610,2810356,0
36,358318,7,3351353,3,556,2168378,0
31,745127,28,3099728,4,832,1451561,0
43,697048,7,4602629,1,832,1491441,0
21,770022,25,5366120,3,351,2646845,0
42,1205977,29,2461799,1,637,800667,0
62,1062847,16,2872708,2,470,2274771,0
59,1154629,19,3611034,3,366,1977362,0
42,909148,19,3090022,2,599,1126283,0
35,503370,22,5073516,2,531,738571,0
57,565594,15,5722443,2,367,5029661,0
25,1123877,13,5447747,2,805,324114,0
56,951249,29,5450663,2,327,1918689,0
57,1278062,10,8341983,3,350,3467100,0
31,987978,6,5847367,1,559,2634868,0
49,545095,15,6567928,3,483,1431757,0
68,743429,12,4170768,3,322,569423,1
55,1069444,26,6888012,3,428,2155743,0
50,1113099,14,4075294,4,590,-1167418,0
40,1156532,23,5822896,4,800,2203840,0
32,585442,15,2257266,3,485,2041791,0
50,539690,26,5332468,1,778,3284146,0
42,843059,20,3049239,3,791,627992,0
34,1332022,22,6872071,2,812,1611834,0
50,691839,23,6751752,4,366,2524281,1
64,1036491,8,4066745,4,766,2246681,0
19,1036518,2,9099149,3,584,388824,0
31,1128231,18,4428243,3,716,1222997,0
57,1399332,19,1775962,1,399,3679893,0
57,1368571,4,3441764,1,488,2311191,0
68,721618,9,2911717,2,687,3060,0
56,270631,16,5759204,3,540,3059878,1
68,696441,14,2529273,3,716,80882,0
23,922701,22,3921571,3,475,1631575,0
23,791506,24,5629104,4,686,2675931,0
20,1490369,7,5277291,2,770,3456447,0
24,905634,14,4974712,1,532,-805509,0
68,1096113,20,5252001,4,751,2853908,0
25,965164,29,4258999,4,576,3034069,0
59,796010,13,1792495,4,528,1331581,0
69,322556,19,4206323,4,470,2109090,0
32,876414,27,5937499,2,512,-1662366,0
64,1876394,6,4726130,3,581,-1297576,0
46,526662,20,5782976,1,340,3330239,1
50,355538,22,3826433,1,421,1353325,0
69,1480916,11,6988672,4,526,1584545,0
47,1122624,16,-112635,4,593,2281611,0
56,956225,16,5282881,2,566,1560881,0
44,1308802,9,7697760,4,840,1449569,0
53,650549,29,7995397,1,750,2473386,0
46,868021,28,4536347,1,748,205356,0
55,1186546,18,2347603,3,360,3391901,1
50,1533106,13,7732945,3,801,1723699,0
54,549436,10,4896269,1,446,793209,0
44,1284220,1,4682060,1,633,631748,0
50,1014551,17,3214290,2,441,2051182,0
21,948918,6,2500225,2,343,1632370,0
39,897681,11,6127726,1,443,141391,0
19,484606,25,6339742,4,632,1277797,0
27,1188926,1,5403088,3,796,1028961,0
22,665319,26,3471908,1,695,3514227,0
27,576092,19,2870002,4,354,2156542,0
50,1165637,17,2135502,1,606,3883207,0
55,1136740,5,3878909,3,722,1148030,0
30,923700,23,2988292,3,716,1650641,0
48,1223863,9,1581380,2,624,2463863,0
64,1327780,19,6302690,2,379,2724959,0
53,1292467,14,2361872,2,330,2865189,1
62,741516,4,6967845,2,411,934628,0
41,1204231,19,5788143,3,771,968385,0
69,963492,2,5588682,4,373,1573495,0
32,1417772,4,8330618,4,778,3777088,0
46,862881,29,2428394,4,686,799180,0
25,793058,24,6747543,1,732,1367689,0
22,715860,7,4404714,2,711,2875829,1
46,956786,7,10142140,2,766,2811625,0
64,1040017,7,4238411,3,547,2666502,0
21,1045788,11,3915383,3,419,2097012,0
29,1004751,23,5851071,1,366,721839,0
62,1101311,22,4582182,1,626,1171068,0
19,833237,7,3483074,4,769,3351788,0
44,638245,10,3059446,3,792,2928364,0
48,612051,13,7916408,2,585,398018,0
68,1192515,7,2673076,4,611,3043349,0
68,1041096,28,5446175,2,608,3570534,0
53,343248,29,7112368,4,396,2064596,0
53,1229026,23,7208989,2,412,2511537,0
43,1464130,27,3796695,1,755,3213782,0
60,685224,9,4587630,4,762,1165140,0
44,1000848,6,4199612,2,431,4795517,0
22,757962,27,1929962,2,420,3467693,0
37,1088492,16,6075034,3,496,2628833,0
28,550197,3,5077007,4,781,1958590,0
27,878566,28,7881170,2,338,2593732,0
57,1194394,12,3353589,3,811,127661,0
55,1270713,3,7177393,2,773,4498505,0
23,1027948,4,7318468,4,460,3354669,0
25,798286,25,5094143,1,588,3756816,0
40,422219,21,658276,4,499,2036908,1
64,672735,3,3974864,4,827,1567652,0
43,759217,17,8571742,2,802,1190831,0
63,690679,5,5594111,2,547,2976289,1
60,917865,23,6386799,4,682,1384943,0
29,797433,23,4821666,3,517,1775171,0
43,951636,22,4553114,3,386,2655678,0
30,1260788,21,1265310,3,381,1208806,1
57,778061,1,6589478,2,361,3252736,0
35,485139,22,7159362,2,799,1978710,0
42,689487,10,3098275,4,341,190256,1
50,1075076,27,4642289,1,311,1195996,0
64,1103383,13,4372517,2,414,3569822,0
57,1021825,29,5840306,4,517,875596,0
60,1290221,4,3911272,4,405,3072892,0
29,844091,5,6862681,1,827,2146008,0
61,1515649,9,5142648,3,771,1793959,0
53,1145456,7,-98846,4,686,5015112,0
65,142953,13,5885440,4,525,458940,0
21,1440197,23,6992701,4,780,1111839,0
22,669904,2,2695876,3,707,1971883,0
54,589769,11,5817453,3,756,4898899,0
25,1057131,15,8659919,1,320,1974678,0
59,378545,27,5224132,2,502,2329103,0
66,691359,29,7283257,3,716,1596997,0
45,1367129,22,4115690,2,715,2430354,0
48,1066865,16,4964071,2,747,1671419,0
26,1143671,0,4590757,3,811,2834387,0
68,702926,22,4225759,4,384,2929024,0
46,438489,9,4704555,1,466,1719073,0
31,1112045,24,1738636,2,683,649423,0
57,1179076,22,4338239,4,767,2112283,0
58,1165498,9,7675612,3,371,3682546,0
39,962720,20,3072619,2,820,1008007,0
28,609879,23,2867733,2,772,2400700,0
40,1631330,1,5122424,2,557,553111,0
18,1043936,8,5222366,4,574,752231,0
63,847834,21,5754929,4,319,3560439,0
54,849165,12,4772522,4,789,2829840,0
38,944879,24,5143728,2,789,2418758,0
43,1220882,15,4298230,2,625,-786127,0
63,956888,17,2448407,1,828,1336528,0
53,1157553,18,4857216,1,388,2728176,0
40,945419,11,6449193,4,785,261121,0
18,866293,7,6030109,4,649,1575337,0
68,1092375,16,1511515,3,383,2919984,0
57,1080985,14,5503850,4,686,186633,0
32,849109,9,3214460,1,386,-15143,0
38,675237,14,7784328,1,606,207406,0
64,1002518,14,5652539,1,453,2401382,0
26,923504,22,6792567,2,739,1331601,0
26,733538,6,5042336,2,563,3053658,1
27,647279,12,4867890,4,720,2145222,0
69,1023142,16,7991689,3,792,4256641,0
43,1065028,8,6945548,3,710,515021,0
58,791990,7,5235717,3,472,2398126,0
52,726018,19,4600667,2,303,1045742,0
69,650923,25,1585650,1,771,2720255,1
42,1014676,26,5649135,1,409,2143923,0
43,658806,20,4747792,2,336,808255,0
28,1572340,17,6107912,3,330,1811417,0
55,776915,12,6715637,3,680,2087717,0
19,172435,15,7465842,4,567,1280829,0
24,890948,8,5673985,4,310,2872600,0
35,878089,11,2907279,3,643,762688,0
44,1233515,11,701372,2,843,4509210,1
51,986437,5,3350600,3,465,3144428,0
44,649849,18,7666976,4,641,2418489,0
34,814082,27,8646982,3,781,5414377,0
60,998225,6,4524198,2,318,1628841,0
61,250585,24,2078081,1,483,2733651,1
68,1301586,2,3703172,2,844,2267216,0
41,650649,15,7275611,2,309,2956961,1
42,1325113,17,3817973,4,491,3795339,0
24,1017739,15,6178247,2,619,2658739,0
69,1088878,22,5337116,2,774,3250152,0
23,1244827,6,6420006,4,726,1339534,0
41,1071939,3,8636021,4,358,1752619,0
50,1101865,26,6179562,1,735,3965945,0
66,850675,24,5293832,3,396,2716227,0
46,1011650,29,8856747,2,795,2297988,0
60,723750,7,5699104,4,577,1096106,0
39,796976,12,3414105,1,564,3159915,0
43,1489408,12,6374930,3,308,1062241,0
45,657541,16,5894911,4,756,708600,0
67,946295,16,4384195,3,572,2137910,0
38,934040,4,3964827,3,307,-882991,0
66,806773,5,4403481,2,507,2733292,0
24,1054320,18,3936221,2,422,2452333,0
34,1076916,12,4468480,4,332,1576635,0
37,622254,24,3314406,3,812,1685458,0
58,930407,27,5772309,4,503,1856814,0
66,575289,25,5622402,4,817,1053047,0
37,1136564,13,5690403,3,816,2221487,0
39,952946,21,4875261,4,742,1700726,0
45,924698,3,4644673,3,638,2134942,0
57,1097709,27,7884011,3,737,1813125,0
66,817346,6,5134811,3,744,1576965,0
24,1174206,7,7527533,3,435,2334191,0
18,615466,24,3007168,1,686,2937319,1
49,1323562,12,6178355,3,324,1370277,0
30,734726,26,3530593,2,805,2474567,0
47,391146,5,3887696,2,624,2623316,1
40,801439,5,4176188,2,637,459363,0
68,767409,23,4050802,3,394,3171853,0
36,799177,27,4060790,2,844,4467741,0
49,969494,20,7434550,1,445,1894285,0
47,1229352,29,5090822,4,530,1794565,0
46,842488,2,5450110,3,794,1744392,0
66,692514,27,4085680,2,337,2744726,0
62,562035,2,6713878,1,724,2612934,0
46,759545,12,5710112,4,736,91206,0
47,333652,21,4382142,1,667,960654,0
33,682460,1,1831432,2,644,2608775,1
57,1273216,15,5432592,1,459,1825973,0
36,652992,21,6151359,4,849,600658,0
35,1088614,28,3042304,2,840,3800312,0
18,532055,5,4409210,4,443,1040344,0
31,1431328,7,6074321,1,644,2042932,0
68,1451282,22,1858143,3,568,1794177,0
64,1077306,7,3702295,3,567,705573,0
67,1497375,29,5753817,3,468,2221945,0
19,1006737,24,7210036,3,332,2470528,0
45,1130555,5,9371559,4,676,1438788,0
66,1278580,13,8917309,3,513,1596569,0
67,953915,2,5287538,4,739,2720584,0
47,434286,9,4031546,2,791,-370165,0
55,1136689,2,6846244,3,692,985995,0
68,758442,26,3912814,4,788,2256121,0
21,780741,11,3475809,3,328,1367913,0
18,989368,16,4389467,3,338,1350765,0
25,1069884,26,4138653,3,472,3082031,0
46,945040,28,5825261,4,316,1240010,0
56,1090718,4,3795196,1,355,4375013,0
20,687942,29,5170244,3,525,-105415,0
49,887188,19,8189906,3,366,-654392,0
27,1154725,24,5244281,2,496,3054723,0
27,1431837,8,8033484,1,322,819258,0
36,1537930,29,7404113,4,536,839511,0
63,1029893,20,6184080,2,437,3181679,0
51,1152002,25,4291694,3,772,1403277,0
50,1494473,19,7081015,2,528,3092434,0
40,698749,6,4500050,2,616,1267505,0
45,1088909,21,4995980,3,500,2435037,0
49,1130502,3,5660397,1,557,1386293,0
67,1334358,12,4989265,1,779,896225,0
24,558857,12,3559464,2,477,4076721,1
46,618178,9,1945802,3,422,3339754,1
25,906414,17,6918265,4,641,1128031,0
18,1013318,16,6140684,2,470,1785924,0
20,1236859,19,1558778,4,358,3771472,0
41,1055263,19,3506425,2,764,814135,0
40,854576,12,5358130,2,559,879070,0
25,1024938,16,5885144,3,672,2564072,0
64,990313,21,1963092,3,394,4724593,0
54,1423504,3,4821522,4,424,2064597,0
20,949697,0,6079309,4,340,3259773,0
68,785074,0,4296976,1,553,779072,0
50,1034882,14,5511659,3,306,2433262,0
45,959545,12,4024896,2,770,1568462,0
64,428701,16,6818392,2,810,4239950,0
25,895304,23,3401428,1,368,3918429,0
51,869778,25,2715843,3,380,4735300,0
52,736838,7,5057853,2,841,1165412,0
49,1210674,17,2132948,1,561,2042597,0
41,664296,26,789777,1,388,2450200,1
31,1036685,12,7167470,2,507,1212238,0
49,855642,22,3031551,2,512,2157266,0
63,932308,13,2332696,4,565,3090773,1
60,1023535,7,3376482,3,592,1339561,0
33,507727,7,3286698,4,506,1155972,0
21,957498,26,4715777,1,632,1076413,0
69,1586684,25,2813026,2,376,387557,0
54,432970,14,5996372,4,587,3024791,0
38,882717,26,6292468,1,346,1153197,0
31,1236971,12,2450017,3,499,1026671,1
48,990485,6,3763806,2,726,2634883,0
65,1106390,4,3953885,4,509,1987260,0
35,187300,16,4669985,3,719,1369363,0
24,1079474,27,7165367,4,453,2972754,1
27,671493,24,7280626,1,821,1321464,0
24,992963,28,9997734,3,714,-612341,0
50,891169,15,461252,4,652,3599891,0
40,1583499,22,3151408,3,456,1006165,0
38,1064008,1,8628018,1,560,1137254,0
36,866212,21,1398599,3,376,1142555,0
65,447092,17,8582530,4,787,2071521,0
36,936344,16,5294702,1,430,1670909,0
53,1146968,29,5368265,2,754,3185685,0
46,875834,6,2440404,4,462,3974136,1
35,748303,12,4097673,4,314,1184960,0
19,728224,17,8494752,1,531,874391,0
18,1060542,28,4904633,1,494,1373718,0
64,1127816,13,4111001,2,841,2526869,0
22,1308363,29,5811438,4,658,1860366,0
37,601500,17,4615564,1,630,1399506,0
28,1057793,12,5690302,2,726,443587,0
59,863488,10,3300517,2,796,-650666,0
19,872329,20,4845694,1,785,794338,0
20,1020547,29,3717847,4,748,3517299,0
40,1022296,20,1392066,3,712,2523191,0
29,1058630,15,5963915,3,629,1770157,0
37,582758,22,2532454,2,446,2875744,1
22,675056,16,4670518,3,558,454540,0
54,1345760,7,6852136,3,591,2068100,0
55,833828,18,2004373,1,442,-143626,0
47,991804,19,6209368,2,664,2415222,0
26,1216399,14,4400373,4,389,2311418,0
51,1039032,8,3066953,2,463,2339969,0
61,1063956,19,9045846,1,780,3401141,0
52,1168373,9,4998887,3,383,2931193,0
69,265000,11,3863814,4,376,549303,1
39,753014,20,3439574,2,816,3419263,0
61,1040581,22,6762324,3,784,1748657,0
41,1316293,19,3775887,2,403,-364178,0
34,919828,29,6513036,4,751,1869493,0
27,646585,0,4995040,2,786,2776554,0
47,654574,24,7232376,2,638,783377,0
63,1165158,19,2914921,2,777,3599429,0
40,834667,8,3193873,3,522,892020,0
49,897839,21,4437989,4,308,1422689,0
34,1084509,14,4603867,4,352,1202314,0
67,29542,0,4290885,3,376,-50771,0
68,1500110,11,10262880,3,802,808239,0
34,680677,2,9126494,3,615,1145768,0
31,972580,10,5598110,1,464,1843873,0
26,388590,1,5833944,2,578,-1601769,0
57,773237,15,4527135,2,326,2859863,0
19,1273406,8,2900348,4,369,2848008,0
62,325149,14,4635855,2,517,3417753,1
42,1237860,11,6542235,1,664,210013,0
56,817891,0,7611253,3,605,1648602,0
26,1046149,12,6991416,4,423,3129722,0
39,1097257,13,1980451,4,318,3232994,0
60,1032426,24,4421544,2,556,3774717,0
63,640514,24,2062264,4,595,2123257,1
21,790635,7,7337687,3,321,1932831,0
43,461533,7,4175231,4,749,130460,0
46,1047538,26,4905779,3,849,3277851,0
62,1410616,29,5960100,1,347,1447622,0
51,352667,11,10532279,1,482,2040729,0
40,671506,0,5536549,3,734,1960604,0
54,845467,10,4523457,2,406,-873582,0
28,952002,7,2517915,4,487,1026253,0
23,1163752,9,7917278,2,385,2544657,0
35,854340,29,4636727,4,755,1941697,0
